Date,Gas,Low,Average,High,SolarkWh,FireHrs,AwayHrs,PanelsFree,ConsumptionkWh,HotWaterkWh,Guests
"Tuesday, July 12, 2022",0,62,73.04,82,13.402,0,0,1,19.95,1.41,0
"Monday, July 11, 2022",0,68,75.35,84,6.814,0,0,1,18.095,0.66,0
"Sunday, July 10, 2022",0,60,71.17,80,13.158,0,0,1,16.851,1,0
"Saturday, July 9, 2022",0,60,70.71,81,12.726,0,0,1,16.039,1.41,0
"Friday, July 8, 2022",0,68,73.25,79,5.403,0,0,1,17.935,0.95,0
"Thursday, July 7, 2022",0,68,74.88,83,10.264,0,0,1,21.829,1.14,0
"Wednesday, July 6, 2022",0,69,75.15,82,10.524,0,0,1,21.165,1.01,0
"Tuesday, July 5, 2022",0,69,80.81,92,12.042,0,0,1,23.59,1.13,0
"Monday, July 4, 2022",0,83,74.34,83,5.404,0,0,1,20.374,0.86,0
"Sunday, July 3, 2022",0,57,73.32,84,14.041,0,0,1,13.482,0.77,0
"Saturday, July 2, 2022",0,56,71.13,83,12.69,0,0,1,12.947,0.72,0
"Friday, July 1, 2022",0,62,73.46,80,8.038,0,0,1,16.187,1.59,1
"Thursday, June 30, 2022",0,68,77.58,87,13.698,0,0,1,20.861,1.11,1
"Wednesday, June 29, 2022",0,60,73.38,85,14.156,0,0,1,15.282,1.06,0
"Tuesday, June 28, 2022",0,57,70.45,82,13.923,0,0,1,8.581,1.13,0
"Monday, June 27, 2022",0,53,68.28,79,14.23,0,0,1,8.97,1.4,0
"Sunday, June 26, 2022",0,59,68.5,75,14.579,0,0,1,10.521,1.07,0
"Saturday, June 25, 2022",0,66,68.65,74,2.398,0,0,1,14.579,0.96,0
"Friday, June 24, 2022",0,63,76.17,86,13.707,0,0,1,18.919,0.77,0
"Thursday, June 23, 2022",0,64,76.5,88,14.103,0,0,1,17.632,0.6,0
"Wednesday, June 22, 2022",0,66,76.33,85,14.147,0,0,1,16.068,1.47,0
"Tuesday, June 21, 2022",0,70,81.63,95,13.117,0,0,1,21.736,0.62,0
"Monday, June 20, 2022",0,61,77.83,91,14.017,0,0,1,12.324,1.05,0
"Sunday, June 19, 2022",0,53,70.17,84,14.455,0,2,1,7.844,1.05,0
"Saturday, June 18, 2022",0,59,69.42,79,14.741,0,18,1,10.181,0.74,0
"Friday, June 17, 2022",0,62,73.75,83,14.199,0,24,1,6.392,0.49,0
"Thursday, June 16, 2022",0,58,70.34,88,14.418,0,24,1,7.787,0.49,0
"Wednesday, June 15, 2022",0,66,80.78,92,12.027,0,24,1,13.658,0.5,0
"Tuesday, June 14, 2022",0,73,83.83,94,13.835,0,24,1,11.981,0.52,0
"Monday, June 13, 2022",0,64,72.77,64,5.373,0,24,1,5.292,0.53,0
"Sunday, June 12, 2022",0,63,70.29,78,8.423,0,24,1,6.051,1.1,0
"Saturday, June 11, 2022",0,59,63.41,72,5.117,0,12,1,1.426,0.6,0
"Friday, June 10, 2022",0,60,64.48,70,5.378,0,0,1,10.745,0.92,0
"Thursday, June 9, 2022",0,55,66.21,77,13.768,0,0,1,10.13,1.45,0
"Wednesday, June 8, 2022",0,57,63.14,70,8.201,0,0,1,9.524,2.01,0
"Tuesday, June 7, 2022",0,57,66.72,77,12.298,0,0,1,9.809,0.65,0
"Monday, June 6, 2022",0,73,64.87,60,6.119,0,0,1,11.762,0.65,0
"Sunday, June 5, 2022",0,56,66.12,78,10.493,0,0,1,6.66,2.23,0
"Saturday, June 4, 2022",0,54,58.13,63,2.429,0,0,1,3.494,0,0
"Friday, June 3, 2022",0,51,64.83,75,14.844,0,0,1,3.879,0,0
"Thursday, June 2, 2022",0,52,63.79,76,14.552,0,0,1,6.324,0,0
"Wednesday, June 1, 2022",0,57,63.71,71,13.017,0,0,1,8.737,1.11,0
"Tuesday, May 31, 2022",0,67,73.25,80,7.083,0,0,1,10.92,0.73,0
"Monday, May 30, 2022",0,68,77.79,87,13.596,0,0,1,14.523,1.19,0
"Sunday, May 29, 2022",0,62,72.13,83,8.078,0,0,1,10.334,0.98,0
"Saturday, May 28, 2022",0,46,54.17,60,4.265,0,7,1,8.108,1.94,0
"Friday, May 27, 2022",0,39,53.29,62,11.97,0,7,1,10.087,1.31,0
"Thursday, May 26, 2022",0,41,51.21,62,13.804,0,2,1,6.351,1.33,0
"Wednesday, May 25, 2022",0,47,53.67,62,9.361,0,0,1,7.455,0.86,0
"Tuesday, May 24, 2022",0,54,65.15,70,3.549,0,7,1,9.071,1.65,0
"Monday, May 23, 2022",0,58,71.73,86,10.886,0,7,1,6.15,0.73,0
"Sunday, May 22, 2022",0,50,56.22,67,8.455,0,7,1,8.492,1.33,0
"Saturday, May 21, 2022",0,47,58.91,65,4.182,0,7,1,6.532,1,0
"Friday, May 20, 2022",0,50,64.38,76,13.041,0,7,1,9.405,0.77,0
"Thursday, May 19, 2022",0,54,64.16,70,8.489,0,16,1,6.866,2.32,0
"Wednesday, May 18, 2022",0,61,72.58,85,13.855,0,16,1,6.192,0,0
"Tuesday, May 17, 2022",0,66,76.92,87,14.147,0,5,1,16.246,1.26,0
"Monday, May 16, 2022",0,73,82.42,93,11.784,0,5,1,22.682,0.9,0
"Sunday, May 15, 2022",0,71,81.46,92,12.027,0,7,1,14.124,1.45,0
"Saturday, May 14, 2022",0,69,77.67,86,9.145,0,7,1,6.282,1.23,0
"Friday, May 13, 2022",0.06,58,71.29,85,14.485,0,7,1,6.732,1.08,0
"Thursday, May 12, 2022",0,49,56.88,64,3.025,0,2,1,7.25,1.2,0
"Wednesday, May 11, 2022",0.18,42,57,68,15.403,0,0,1,9.819,2.81,0
"Tuesday, May 10, 2022",0.29,48,54.15,63,6.826,0,7,1,9.191,1.12,0
"Monday, May 9, 2022",0.34,48,52.52,59,5.778,0,7,1,7.993,1.31,0
"Sunday, May 8, 2022",0.55,35,44.97,60,15.215,0,7,1,9.157,1.52,0
"Saturday, May 7, 2022",0.88,40,45.98,49,2.458,0,6,1,11.425,1.93,0
"Friday, May 6, 2022",0.67,43,47.48,51,5.55,0,7,1,10.455,1.61,0
"Thursday, May 5, 2022",1.1,44,46.55,49,2.443,0,2,1,9.643,2.52,1
"Wednesday, May 4, 2022",0.25,50,57.72,67,5.435,0,0,1,10.043,1.94,0
"Tuesday, May 3, 2022",0.77,48,53.48,60,3.953,0,7,1,6.612,1.78,0
"Monday, May 2, 2022",1.36,35,43.75,55,6.628,0,7,1,11.605,1.57,0
"Sunday, May 1, 2022",1.19,32,40.21,49,10.251,0,7,1,11.423,2.8,0
"Saturday, April 30, 2022",0.89,31,38.72,50,15.368,0,8,1,7.647,1.42,0
"Friday, April 29, 2022",0.2,34,39.27,45,4.828,0,7,1,8.215,1.37,0
"Thursday, April 28, 2022",0,45,55.52,62,13.513,0,2,1,9.865,2.52,1
"Wednesday, April 27, 2022",0.2,57,68,80,10.635,0,3,1,8.957,2.97,1
"Tuesday, April 26, 2022",0.51,45,51.17,56,1.618,0,7,1,7.335,1.49,0
"Monday, April 25, 2022",0.44,38,51.53,65,15.325,0,7,1,9.034,0.95,0
"Sunday, April 24, 2022",1.32,43,45.65,49,2.44,0,7,1,10.584,1.39,0
"Saturday, April 23, 2022",1.39,28,39.33,49,14.129,0,7,1,11.524,2.14,0
"Friday, April 22, 2022",1.62,33,34.39,37,6.845,0,5,1,8.994,1.06,0
"Thursday, April 21, 2022",1.69,26,37.07,46,12.094,0,6,1,6.786,1.92,0
"Wednesday, April 20, 2022",1.78,25,33.79,43,13.462,0,4,1,8.573,1.93,0
"Tuesday, April 19, 2022",1.74,29,35.04,41,7.65,0,5,1,6.554,2.13,0
"Monday, April 18, 2022",1.26,29,36,45,12.726,0,7,1,8.298,1.8,0
"Sunday, April 17, 2022",0.33,32,50.11,65,2.06,0,7,1,10.286,2.34,0
"Saturday, April 16, 2022",0.38,52,62.84,65,5.731,0,7,1,11.487,1.41,0
"Friday, April 15, 2022",0.25,40,51.13,62,13.261,0,7,1,10.902,1.86,0
"Thursday, April 14, 2022",0.75,36,50.29,62,5.202,0,2,1,12.593,2.26,0
"Wednesday, April 13, 2022",1.21,28,40.79,53,15.449,0,0,1,13.115,4.05,0
"Tuesday, April 12, 2022",1.77,30,33.11,37,3.872,0,7,1,12.64,1.8,1
"Monday, April 11, 2022",1.99,33,37.98,45,5.555,0,7,1,11.879,1.91,1
"Sunday, April 10, 2022",1.05,39,42.83,47,6.701,0,7,1,9.45,1.52,0
"Saturday, April 9, 2022",1.3,35,44.7,50,5.046,0,7,1,12.421,2.36,0
"Friday, April 8, 2022",1.21,37,40.42,43,5.13,0,7,1,16.33,1.4,0
"Thursday, April 7, 2022",1.21,27,38.94,45,9.939,0,0,0.95,16.6,3.46,0
"Wednesday, April 6, 2022",1.6,32,34.44,40,0.586,0,0,0.2,13.326,1.27,0
"Tuesday, April 5, 2022",1.47,25,34.92,45,15.106,0,0,1,18.339,1.95,0
"Monday, April 4, 2022",1.67,30,32.61,36,2.215,0,7,0.7,20.923,1.42,0
"Sunday, April 3, 2022",1.67,36,41.98,51,1.316,0,7,1,23.296,1.81,0
"Saturday, April 2, 2022",2.38,30,34.88,39,3.793,0,7,1,17.943,1.34,0
"Friday, April 1, 2022",2.05,19,29.38,38,13.875,0,7,1,13.149,1.17,0
"Thursday, March 31, 2022",2.08,18,26.21,34,15.653,0,2,1,9.009,1.7,0
"Wednesday, March 30, 2022",1.99,23,27.76,33,12.374,0,0,1,16.024,2.2,0
"Tuesday, March 29, 2022",1.5,32,38.38,44,4.736,0,7,1,13.719,1,0
"Monday, March 28, 2022",1.53,35,37.16,39,3.149,0,7,1,14.416,1.56,0
"Sunday, March 27, 2022",0.91,37,43.58,49,1.999,0,7,1,6.804,1.28,0
"Saturday, March 26, 2022",0,48,50.14,56,0.585,0,7,1,14.67,1.45,0
"Friday, March 25, 2022",0.34,45,57.71,72,10.818,0,7,1,10.104,1.08,0
"Thursday, March 24, 2022",0.71,31,46.96,63,13.404,0,2.5,1,11.478,2.5,0
"Wednesday, March 23, 2022",1.66,33,38.34,50,9.071,0,3,1,6.499,1.25,0
"Tuesday, March 22, 2022",1.21,33,37.6,44,0.913,0,7,1,13.871,0.97,0
"Monday, March 21, 2022",0.45,44,46.15,50,1.097,0,7,1,16.569,1.24,0
"Sunday, March 20, 2022",0.46,36,49.71,66,13.525,0,7,1,19.918,1.47,0
"Saturday, March 19, 2022",0.74,30,41.08,55,13.421,0,0,1,18.17,1.35,0
"Friday, March 18, 2022",1.25,37,45.21,57,11.161,0,18,1,7.49,1.95,0
"Thursday, March 17, 2022",0.93,19,36.62,49,14.023,0,24,1,3.464,0.4,0
"Wednesday, March 16, 2022",2.95,3,13.21,21,15.428,0,12,1,5.759,0.2,0
"Tuesday, March 15, 2022",2.2,8,15.88,22,14.134,10,7,1,8.398,1.92,0
"Monday, March 14, 2022",1.8,13,17.1,20,7.213,10,7,1,16.348,2.19,0
"Sunday, March 13, 2022",0.88,18,23.77,26,13.23,11,7,1,9.391,1.08,0
"Saturday, March 12, 2022",1.37,8,20.27,33,9.23,10,7,0.7,10.499,2.3,0
"Friday, March 11, 2022",1.31,12,26.22,29,0.219,11,0,0,17.681,1.99,0
"Thursday, March 10, 2022",1.62,30,33.12,49,4.408,0,2,1,17.146,1.32,0
"Wednesday, March 9, 2022",1.66,40,50.51,58,3.73,0,0,1,16.12,1.89,0
"Tuesday, March 8, 2022",2.14,26,35.5,44,2.977,0,7,1,17.833,1.75,0
"Monday, March 7, 2022",0.99,26,28.33,30,4.068,15,7,1,18.104,1.43,0
"Sunday, March 6, 2022",0.82,31,40.92,55,9.623,0,7,1,18.995,0.89,0
"Saturday, March 5, 2022",0.86,37,43,53,9.768,0,7,1,21.152,2.18,0
"Friday, March 4, 2022",1.11,26,36.25,48,10.997,8,7,1,16.518,0.89,0
"Thursday, March 3, 2022",1.93,15,27.5,36,13.181,0,0,1,17.011,2.6,0
"Wednesday, March 2, 2022",2.91,2,16.63,31,13.847,0,0,1,20.406,2.25,0
"Tuesday, March 1, 2022",2.49,5,15,22,8.302,11,0,0.5,19.091,1.87,0
"Monday, February 28, 2022",4.16,11,17.76,22,2.705,0,0,1,20.631,1.68,0
"Sunday, February 27, 2022",2.74,5,11.33,19,11.881,14,7,1,17.181,2.61,0
"Saturday, February 26, 2022",3.19,10,21.35,31,1.465,0,0,0.5,16.22,1.27,0
"Friday, February 25, 2022",2.07,31,33.84,39,2.185,0,7,1,12.193,1.81,0
"Thursday, February 24, 2022",2.28,17,36.38,52,12.491,0,2,1,17.819,3.08,0
"Wednesday, February 23, 2022",3.4,4,11.93,18,9.305,0,0,1,16.35,1.91,0
"Tuesday, February 22, 2022",2.48,3,23.21,38,10.878,15,7,1,16.919,1.31,0
"Monday, February 21, 2022",1.98,6,17.29,28,2.224,15,7,1,17.584,1.4,0
"Sunday, February 20, 2022",2.04,30,37.94,43,0.777,0,7,1,17.092,2.03,0
"Saturday, February 19, 2022",2.92,16,27.5,36,10.057,0,7,1,21.619,1.4,0
"Friday, February 18, 2022",2.86,8,15.63,24,9.688,10,7,1,15.598,1.17,0
"Thursday, February 17, 2022",3.84,3,7.88,12,10.708,0,2,1,17.694,1.93,0
"Wednesday, February 16, 2022",3.24,5,9.27,14,12.398,0,0,1,18.886,2.67,0
"Tuesday, February 15, 2022",1.18,14,29.57,38,7.041,11,7,1,16.314,1.11,0
"Monday, February 14, 2022",2.33,20,27.17,34,6.053,0,7,1,16.793,1.52,0
"Sunday, February 13, 2022",2.18,26,33,37,3.998,0,7,1,20.566,1.57,0
"Saturday, February 12, 2022",2.55,17,27.48,39,8.392,0,7,1,19.71,0.94,0
"Friday, February 11, 2022",2.38,3,13.44,19,11.801,11,7,1,19.07,1.62,0
"Thursday, February 10, 2022",2.86,11,24.26,35,9.398,0,16.5,1,11.664,2.12,0
"Wednesday, February 9, 2022",3.83,-5,10,21,9.827,0,24,1,4.435,0.99,0
"Tuesday, February 8, 2022",4.31,-4,5.39,14,5.578,0,8.5,1,12.26,1.74,0
"Monday, February 7, 2022",3.39,1,6.04,11,11.607,11,7,1,20.769,1.89,0
"Sunday, February 6, 2022",3.56,8,10.5,13,4.336,0,7,1,21.222,1.52,0
"Saturday, February 5, 2022",1.67,14,28.04,36,7.297,10,0,1,17.264,0.85,0
"Friday, February 4, 2022",2.77,6,13.43,31,8.805,10,7,1,18.976,1.02,0
"Thursday, February 3, 2022",3.54,11,18.93,25,4.109,0,0,1,18.13,2.88,0
"Wednesday, February 2, 2022",3.64,3,13.92,22,10.042,0,0,1,21,1.47,0
"Tuesday, February 1, 2022",3.52,3,8.75,15,8.079,0,0,1,16.571,1.02,0
"Monday, January 31, 2022",2.97,16,25.38,33,0.439,7,6,0.3,17.737,1.64,1
"Sunday, January 30, 2022",5.39,-17,-1.17,14,0.872,7,0,0.1,20.048,2.35,1
"Saturday, January 29, 2022",4.65,-11,-2.67,4,0.307,12,5,0,23.2,1.26,1
"Friday, January 28, 2022",3.54,1,14.84,20,0.168,8,7,0,21.593,2.89,0
"Thursday, January 27, 2022",3.4,6,11.79,15,0.954,0,17,0.3,10.178,1.7,0
"Wednesday, January 26, 2022",2.37,14,16.35,22,9.237,0,24,1,3.726,0.95,0
"Tuesday, January 25, 2022",3.22,-10,2.71,14,11.102,9,15,1,11.076,0.54,0
"Monday, January 24, 2022",3.74,-8,-1.21,5,10.938,14,7,1,19.696,2.39,0
"Sunday, January 23, 2022",2.41,1,7.68,25,10.261,9,7,1,16.139,0.84,0
"Saturday, January 22, 2022",2.51,20,30.26,37,7.149,0,7,1,16.341,1.22,0
"Friday, January 21, 2022",3.04,16,22.84,27,3.554,10,0,0.95,20.459,2.51,0
"Thursday, January 20, 2022",4.18,1,15.31,21,1.511,0,1.25,0.95,22.797,0.97,0
"Wednesday, January 19, 2022",3.39,6,12.91,19,5.031,0,0,1,24.034,4.69,0
"Tuesday, January 18, 2022",1.87,16,24.74,34,0.92,10,0,0.5,19.887,2.14,0
"Monday, January 17, 2022",1.83,27,32.8,40,6.744,0,0,0.98,21.639,2.32,0
"Sunday, January 16, 2022",2.28,29,32.88,40,0.283,0,7,0.15,21.892,1.44,0
"Saturday, January 15, 2022",3.16,1,19.17,37,0.257,13,7,0.07,18.42,2.14,0
"Friday, January 14, 2022",3.13,2,6.63,10,0.245,14,7,0.05,20.531,1.39,0
"Thursday, January 13, 2022",3.65,4,11.89,28,0.237,0,1,0.03,19.77,1.37,0
"Wednesday, January 12, 2022",4.63,9,19.29,27,0.015,0,0,0.02,24.374,3.59,0
"Tuesday, January 11, 2022",4.98,-12,-2.75,7,0.186,0,7,0.01,22.684,1.58,0
"Monday, January 10, 2022",4.02,-9,-1.38,3,0.171,9,7,0,20.617,2.18,0
"Sunday, January 9, 2022",3.29,2,9.22,28,0.026,10,7,0,17.289,2.13,0
"Saturday, January 8, 2022",3.22,13,16.92,28,0.046,0,7,0,20.34,1.08,0
"Friday, January 7, 2022",4.05,-7,6.71,17,0.109,0,7,0,15.923,1.25,0
"Thursday, January 6, 2022",3.66,-4,3.16,9,0.091,0,1.5,0,21.254,4.87,1
"Wednesday, January 5, 2022",4.48,9,10.71,12,0,0,0,0,25.398,3.95,1
"Tuesday, January 4, 2022",2.26,27,27.91,29,0,18,0,0,26.119,2.81,1
"Monday, January 3, 2022",4.39,18,24.28,29,0,0,0,0,21.924,2.78,1
"Sunday, January 2, 2022",3.08,6,17.59,32,0.13,11,0,0,18.854,2.22,1
"Saturday, January 1, 2022",3.69,24,29.53,33,0.073,0,0,0,17.66,2.82,0
"Friday, December 31, 2021",2.22,25,33.27,37,3.112,0,17,1,11.37,3.13,0
"Thursday, December 30, 2021",0.52,21,31.79,41,5.906,0,24,1,8.916,0,0
"Wednesday, December 29, 2021",0.57,27,38.76,47,8.315,0,12,1,9.257,1.35,0
"Tuesday, December 28, 2021",2.01,33,44.46,49,0.631,0,0,1,17.506,1.73,1
"Monday, December 27, 2021",2.68,27,33.83,44,3.876,0,0,1,15.437,1.8,0
"Sunday, December 26, 2021",3.12,11,19.92,28,5.334,0,7,1,17.097,0.76,0
"Saturday, December 25, 2021",2.48,16,23.56,32,5.547,0,7,1,16.393,1.06,0
"Friday, December 24, 2021",2.22,20,28.52,38,7.019,0,7,1,16.465,1.47,0
"Thursday, December 23, 2021",2.25,22,24.78,27,5.316,0,3,1,16.5,1.87,0
"Wednesday, December 22, 2021",1.36,21,26.14,32,5.319,15,0,1,14.151,1.52,0
"Tuesday, December 21, 2021",1.97,19,27.25,34,8.275,0,7,1,9.154,0.81,0
"Monday, December 20, 2021",0.97,22,32.74,52,4.199,0,7,1,9.186,1.34,0
"Sunday, December 19, 2021",0.6,50,61.49,70,2.251,0,7,1,6.44,0.65,0
"Saturday, December 18, 2021",1.59,34,42.4,49,4.04,0,7,1,9.125,1.07,0
"Friday, December 17, 2021",1.22,29,36.92,46,7.839,0,7,1,8.179,1.23,0
"Thursday, December 16, 2021",1.8,26,36.13,48,8.013,0,2,1,11.136,1.29,0
"Wednesday, December 15, 2021",1.91,25,31.33,36,7.615,0,0,1,11.75,2.03,0
"Tuesday, December 14, 2021",2.15,31,36.04,39,1.688,0,7,1,13.459,1,0
"Monday, December 13, 2021",2.38,26,34.17,44,1.204,0,7,1,17.667,1.86,0
"Sunday, December 12, 2021",2.26,17,23.88,31,8.852,10,7,1,13.607,0.76,0
"Saturday, December 11, 2021",3.14,5,16.33,23,3.228,8.5,7,1,15.884,1.17,0
"Friday, December 10, 2021",1.75,6,19.4,30,9.451,7,7,1,14.028,0.94,0
"Thursday, December 9, 2021",1.97,30,32.32,36,0.309,0,1.5,1,9.567,1.44,0
"Wednesday, December 8, 2021",1.84,32,40.29,47,2.53,0,0,1,9.568,1.58,0
"Tuesday, December 7, 2021",0.95,32,40.29,47,3.786,0,7,1,10.933,1.21,0
"Monday, December 6, 2021",0.49,41,47.33,51,7.71,0,7,1,9.785,1.6,0
"Sunday, December 5, 2021",0.99,37,43.5,48,4.703,0,7,1,10.793,0.53,0
"Saturday, December 4, 2021",1,31,39.92,52,9.003,0,7,1,10.699,1.63,0
"Friday, December 3, 2021",1.85,27,38.71,50,4.517,0,7,1,11.083,0.77,0
"Thursday, December 2, 2021",1.66,26,30.63,40,8.158,0,1.5,1,9.831,1.69,0
"Wednesday, December 1, 2021",2.91,27,35.83,52,5.605,0,0,1,13.274,2.48,0
"Tuesday, November 30, 2021",2.8,12,23.38,30,4.14,0,18.5,1,9.618,2.72,0
"Monday, November 29, 2021",0.67,15,27.83,37,3.194,0,24,1,2.406,0.06,0
"Sunday, November 28, 2021",0.83,37,43.96,52,3.061,0,16,1,4.406,0,0
"Saturday, November 27, 2021",1.87,19,33.08,47,8.736,0,7,1,12.18,1.91,0
"Friday, November 26, 2021",1.88,17,24.17,32,7.717,0,7,1,12.133,0.83,0
"Thursday, November 25, 2021",0.97,23,37.17,50,8.668,0,0,1,9.993,1.19,0
"Wednesday, November 24, 2021",1.57,33,40.92,50,4.96,0,0,1,14.128,1.98,0
"Tuesday, November 23, 2021",2.49,17,28.79,38,6.345,0,0,1,18.221,1.14,0
"Monday, November 22, 2021",2.16,21,28.67,31,1.913,0,0,1,12.055,0.9,0
"Sunday, November 21, 2021",1.01,30,43.24,48,5.869,0,0,1,13.058,0.59,0
"Saturday, November 20, 2021",2.22,28,39,48,4.472,0,2,1,13.579,1.87,0
"Friday, November 19, 2021",2.44,27,30.44,35,2.266,0,0,1,15.55,1.19,0
"Thursday, November 18, 2021",2.09,29,33.12,37,1.411,0,1.5,1,13.176,1.56,0
"Wednesday, November 17, 2021",1.8,30,32.6,35,1.472,0,1.5,1,9.825,1.58,0
"Tuesday, November 16, 2021",1.28,30,34.28,37,3.113,0,0,1,9.274,0.83,1
"Monday, November 15, 2021",0.91,34,44.66,54,2.735,0,7,1,7.953,0.8,1
"Sunday, November 14, 2021",0.45,39,49.26,55,2.944,0,7,1,7.384,0.65,0
"Saturday, November 13, 2021",0,41,51.67,59,6.803,0,7,1,8.677,1.33,0
"Friday, November 12, 2021",0.12,39,53.83,66,8.978,0,7,1,7.65,0.74,0
"Thursday, November 11, 2021",0.34,41,52.65,65,7.59,0,1.5,1,8.797,2.29,0
"Wednesday, November 10, 2021",0.51,36,46.79,63,9.918,0,0,1,11.64,2.03,0
"Tuesday, November 9, 2021",0.77,30,40.13,52,10.366,0,7,1,14.255,0.67,0
"Monday, November 8, 2021",1.27,35,39.46,51,5.451,0,7,1,8.973,0.52,0
"Sunday, November 7, 2021",1.26,23,33.58,43,9.424,0,7,1,12.03,1.88,0
"Saturday, November 6, 2021",0.94,28,35.5,45,9.534,0,7,1,7.282,1.01,0
"Friday, November 5, 2021",0.82,29,36.71,47,8.886,0,7,1,10.229,1.19,0
"Thursday, November 4, 2021",0,33,44.38,51,10.246,0,16,1,7.087,1.83,0
"Wednesday, November 3, 2021",0.33,43,48.31,59,10.141,0,16,1,4.53,0.07,0
"Tuesday, November 2, 2021",0.62,47,50.53,52,1.204,0,9,1,9.42,0.97,0
"Monday, November 1, 2021",0.73,45,48.27,50,0.767,0,7,1,11.714,0.59,0
"Sunday, October 31, 2021",0.74,43,48.58,55,3.708,0,7,1,8.103,1.19,0
"Saturday, October 30, 2021",0.48,34,44.54,55,10.417,0,7,1,8.322,0.51,0
"Friday, October 29, 2021",0.47,36,44.94,52,10.418,0,7,1,9.318,0.69,0
"Thursday, October 28, 2021",1.05,40,44.06,46,0.658,0,3,1,12.613,0.96,0
"Wednesday, October 27, 2021",0.53,31,41.5,53,10.963,0,0,1,12.386,1.88,0
"Tuesday, October 26, 2021",0.25,34,40.96,49,5.018,0,7,1,7.552,0.62,0
"Monday, October 25, 2021",0,40,46.78,53,1.783,0,7,1,7.191,0.96,0
"Sunday, October 24, 2021",0,51,58.96,72,7.758,0,7,1,6.271,0.26,0
"Saturday, October 23, 2021",0,44,57.42,71,10.646,0,7,1,9.056,1.49,0
"Friday, October 22, 2021",0,41,55.58,72,11.056,0,7,1,6.803,0.8,0
"Thursday, October 21, 2021",0,37,50.88,66,11.282,0,2,1,9.432,1.22,0
"Wednesday, October 20, 2021",0,36,46.79,59,11.632,0,2,1,8.863,1.28,0
"Tuesday, October 19, 2021",0,41,50.88,60,4.511,0,7,1,5.743,0.07,0
"Monday, October 18, 2021",0,48,56.29,66,10.228,0,7,1,11.806,1.47,0
"Sunday, October 17, 2021",0,53,59.17,65,1.267,0,0,1,17.616,0.57,0
"Saturday, October 16, 2021",0,52,58.32,65,4.861,0,0,1,12.74,0.81,0
"Friday, October 15, 2021",0,56,58.98,62,1.454,0,0,1,8.651,0.5,0
"Thursday, October 14, 2021",0,61,67.16,71,2.094,0,0,1,8.59,1.68,0
"Wednesday, October 13, 2021",0,58,69.38,79,9.015,0,0,1,8.87,0,0
"Tuesday, October 12, 2021",0,57,61.82,69,2.811,0,7,1,7.979,0.94,0
"Monday, October 11, 2021",0,61,63.72,68,1.591,0,7,1,9.293,1.07,0
"Sunday, October 10, 2021",0,63,67.37,74,5.398,0,6,1,7.313,0.88,0
"Saturday, October 9, 2021",0,58,64.26,69,3.294,0,7,1,8.222,1.44,0
"Friday, October 8, 2021",0,60,62.81,68,3.208,0,7,1,11.625,0,0
"Thursday, October 7, 2021",0,61,65.71,74,4.521,0,1.5,1,7.947,0.66,0
"Wednesday, October 6, 2021",0,63,68.5,77,6.395,0,0,1,10.377,1.25,1
"Tuesday, October 5, 2021",0,61,70.92,84,9.548,0,4,1,12.792,0.95,1
"Monday, October 4, 2021",0,62,72.25,84,10.211,0,7,1,7.276,0,1
"Sunday, October 3, 2021",0,57,70.04,84,11.358,0,7,1,7.454,1.09,0
"Saturday, October 2, 2021",0,51,64.71,79,12.436,0,7,1,7.171,0.65,0
"Friday, October 1, 2021",0,55,69.5,85,11.54,0,7,1,6.164,0.59,0
"Thursday, September 30, 2021",0,48,63.92,80,9.603,0,7,1,9.744,1.74,0
"Wednesday, September 29, 2021",0,44,55.46,66,9.274,0,0,1,10.635,0.14,0
"Tuesday, September 28, 2021",0,44,57.78,76,9.855,0,0,1,6.306,1.34,0
"Monday, September 27, 2021",0,45,56.29,69,12.876,0,2.5,1,6.763,0.61,0
"Sunday, September 26, 2021",0,48,55.63,65,11.706,0,0,1,7.38,0,0
"Saturday, September 25, 2021",0,54,60,69,10.954,0,0,1,7.502,1.11,0
"Friday, September 24, 2021",0,61,71.04,84,6.554,0,0,1,9.134,0.11,0
"Thursday, September 23, 2021",0,61,73.42,87,11.277,0,0,1,12.797,1.29,0
"Wednesday, September 22, 2021",0,52,66.29,80,12.108,0,0,1,13.263,0.52,0
"Tuesday, September 21, 2021",0,56,66.29,79,8.27,0,0,1,7.345,0.72,0
"Monday, September 20, 2021",0,53,67.25,81,12.679,0,0,1,9.576,1.21,0
"Sunday, September 19, 2021",0,50,63.71,77,12.846,0,0,1,6.869,0.95,0
"Saturday, September 18, 2021",0,60,68.38,73,9.863,0,0,1,7.792,0,0
"Friday, September 17, 2021",0,63,71.25,83,8.343,0,0,1,8.373,0.9,0
"Thursday, September 16, 2021",0,65,70.97,78,6.233,0,0,1,9.728,1.05,0
"Wednesday, September 15, 2021",0,56,70.92,84,9.661,0,0,1,12.204,0.94,0
"Tuesday, September 14, 2021",0,51,65.25,78,12.522,0,0,1,5.768,1.23,0
"Monday, September 13, 2021",0,54,63.5,74,11.044,0,2.5,1,7.519,0.46,0
"Sunday, September 12, 2021",0,52,62.5,74,12.696,0,0,1,6.489,0,0
"Saturday, September 11, 2021",0,58,69.92,79,8.684,0,0,1,7.555,0.62,0
"Friday, September 10, 2021",0,54,67.25,79,13.147,0,0,1,16.86,1.64,0
"Thursday, September 9, 2021",0,51,65.28,78,13.203,0,0,1,20.478,1.6,0
"Wednesday, September 8, 2021",0,57,65.3,70,3.091,0,16,1,6.139,0.48,0
"Tuesday, September 7, 2021",0,61,63.83,65,1.631,0,0,1,6.308,0.41,0
"Monday, September 6, 2021",0,54,65,73,9.405,0,2,1,9.124,0.9,0
"Sunday, September 5, 2021",0,57,66.38,76,13.321,0,0,1,6.75,0.34,0
"Saturday, September 4, 2021",0,63,66.25,72,3.35,0,0,1,8.949,1.14,0
"Friday, September 3, 2021",0,57,69.63,81,12.723,0,2,1,9.666,1.64,0
"Thursday, September 2, 2021",0,65,74.77,81,11.196,0,0,1,17.277,1.6,0
"Wednesday, September 1, 2021",0,71,79.38,89,12.049,0,0,1,20.636,0.48,0
"Tuesday, August 31, 2021",0,71,77.62,86,10.802,0,0,1,17.092,0.41,0
"Monday, August 30, 2021",0,69,74.83,84,6.962,0,0,1,22.403,0.9,0
"Sunday, August 29, 2021",0,68,74.67,83,6.233,0,0,1,15.701,0.34,0
"Saturday, August 28, 2021",0,66,73.34,90,9.65,0,0,1,17.481,1.14,0
"Friday, August 27, 2021",0,62,71.2,84,9.606,0,0,1,13.888,0.52,0
"Thursday, August 26, 2021",0,57,67.17,76,13.66,0,3,1,8.662,0.87,0
"Wednesday, August 25, 2021",0,62,72.26,81,6.03,0,0,1,17.658,0.83,0
"Tuesday, August 24, 2021",0,66,75.54,84,11.425,0,0,1,18.993,0.97,0
"Monday, August 23, 2021",0,63,74.71,84,12.851,0,2,1,19.323,0.76,0
"Sunday, August 22, 2021",0,63,74.08,84,13.225,0,0,1,21.53,0.98,0
"Saturday, August 21, 2021",0,60,71.32,81,11.21,0,2,1,9.452,0.63,0
"Friday, August 20, 2021",0,56,67.79,78,14.01,0,0,1,8.084,0.6,0
"Thursday, August 19, 2021",0,57,67.42,78,13.821,0,2,1,12.341,0.98,0
"Wednesday, August 18, 2021",0,54,67.58,80,12.64,0,22,1,6.834,0.64,0
"Tuesday, August 17, 2021",0,62,70.54,80,12.917,0,24,1,5.017,0.4,0
"Monday, August 16, 2021",0,61,73.21,86,11.806,0,12,1,9.163,0,0
"Sunday, August 15, 2021",0,69,76.75,86,11.127,0,3,1,16.429,0.79,0
"Saturday, August 14, 2021",0,69,74.76,90,9.022,0,0,1,15.658,0.94,0
"Friday, August 13, 2021",0,69,72.75,82,9.101,0,0,1,21.999,0.79,0
"Thursday, August 12, 2021",0,71,77.29,83,9.905,0,17,1,11.249,0.71,0
"Wednesday, August 11, 2021",0,68,76.08,86,8.361,0,24,1,5.665,0,0
"Tuesday, August 10, 2021",0,65,71.19,84,11.313,0,15.5,1,6.51,0.37,0
"Monday, August 9, 2021",0,62,68.28,74,5.567,0,1,1,9.339,1.37,0
"Sunday, August 8, 2021",0,59,69.88,80,11.904,0,1,1,9.313,0.67,0
"Saturday, August 7, 2021",0,54,68.21,80,11.512,0,1,1,14.558,1.35,0
"Friday, August 6, 2021",0,57,66.17,76,12.77,0,2,1,10.427,1.38,0
"Thursday, August 5, 2021",0,61,69.25,78,12.681,0,1,1,8.092,0.65,0
"Wednesday, August 4, 2021",0,62,69.92,78,10.603,0,0,1,10.603,0.87,0
"Tuesday, August 3, 2021",0,62,66.67,69,4.857,0,1,1,12.332,1.27,0
"Monday, August 2, 2021",0,68,75.47,88,9.402,0,1,1,18.125,1.65,0
"Sunday, August 1, 2021",0,70,80.78,88,8.236,0,1,1,22.221,0.95,0
"Saturday, July 31, 2021",0,62,74.84,87,9.299,0,1,1,19.505,0.6,0
"Friday, July 30, 2021",0,58,73.79,87,12.783,0,1,1,18.066,1.37,0
"Thursday, July 29, 2021",0,62,75.25,86,12.524,0,1.5,1,22.443,1.03,0
"Wednesday, July 28, 2021",0,67,78.33,89,9.966,0,0,1,26.481,0.46,0
"Tuesday, July 27, 2021",0,69,77.63,86,11.532,0,24,1,13.29,0.89,1
"Monday, July 26, 2021",0,67,72.95,84,9.472,0,24,1,5.263,0.13,1
"Sunday, July 25, 2021",0,66,71.04,76,7.015,0,24,1,5.181,0,0
"Saturday, July 24, 2021",0,60,73.88,86,12.269,0,24,1,6.089,0.51,0
"Friday, July 23, 2021",0,61,72.08,84,12.093,0,24,1,7.693,0.35,0
"Thursday, July 22, 2021",0,60,69.87,81,12.727,0,24,1,7.631,0.53,0
"Wednesday, July 21, 2021",0,57,69.41,81,13.708,0,24,1,5.852,1.94,0
"Tuesday, July 20, 2021",0,61,68,79,12.586,0,24,1,3.543,0,0
"Monday, July 19, 2021",0,66,70.86,77,8.427,0,24,1,3.607,0,0
"Sunday, July 18, 2021",0,65,71.48,77,4.274,0,16.5,1,4.848,0.44,0
"Saturday, July 17, 2021",0,65,71,83,10.711,0,0,1,8.371,0.71,0
"Friday, July 16, 2021",0,62,66.84,72,4.184,0,0,1,7.668,1.46,0
"Thursday, July 15, 2021",0,63,68.92,77,9.8,0,3,1,7.269,1.09,0
"Wednesday, July 14, 2021",0,61,66,72,5.743,0,16,1,5.339,0,0
"Tuesday, July 13, 2021",0,59,65.16,72,4.832,0,24,1,3.509,0.4,0
"Monday, July 12, 2021",0,60,64.26,70,5.777,0,24,1,3.618,0.62,0
"Sunday, July 11, 2021",0,63,71.97,79,5.592,0,24,1,3.699,0.44,0
"Saturday, July 10, 2021",0,71,78.79,88,12.004,0,24,1,4.526,0.13,0
"Friday, July 9, 2021",0,68,78.54,89,13.355,0,24,1,4.275,0.57,0
"Thursday, July 8, 2021",0,63,75.13,86,13.408,0,24,1,3.361,0.13,0
"Wednesday, July 7, 2021",0,58,71.54,83,13.175,0,14,1,5.711,0.68,0
"Tuesday, July 6, 2021",0,60,68.96,79,14.145,0,0,1,9.121,0.87,0
"Monday, July 5, 2021",0,66,74.08,83,13.825,0,1.5,1,12.873,1.5,1
"Sunday, July 4, 2021",0,68,72.97,84,12.1,0,1.5,1,14.744,0.62,1
"Saturday, July 3, 2021",0,70,72.48,76,4.736,0,0,1,7.85,0.78,0
"Friday, July 2, 2021",0,69,74.23,80,6.306,0,1,1,9.729,0.89,0
"Thursday, July 1, 2021",0,64,70.89,78,8.265,0,3,1,11.544,0.68,0
"Wednesday, June 30, 2021",0,70,72.23,78,4.964,0,1,1,10.432,1.08,0
"Tuesday, June 29, 2021",0,71,73.6,80,5.399,0,0,1,10.496,0.52,0
"Monday, June 28, 2021",0,68,71.53,76,3.963,0,0,1,7.554,1.44,0
"Sunday, June 27, 2021",0,61,68.61,78,7.925,0,0,1,6.783,0.51,0
"Saturday, June 26, 2021",0,44,61.25,75,12.994,0,0,1,6.305,1.75,0
"Friday, June 25, 2021",0,51,62.11,68,11.668,0,0,1,5.407,0.43,0
"Thursday, June 24, 2021",0,62,68.52,74,3.656,0,1,1,8.297,1.29,0
"Wednesday, June 23, 2021",0,65,76.33,86,14.191,0,0,1,12.423,0.79,0
"Tuesday, June 22, 2021",0,69,78.14,92,13.364,0,0,1,17.679,1.34,0
"Monday, June 21, 2021",0,65,78.42,92,12.386,0,0,1,10.714,1.44,1
"Sunday, June 20, 2021",0,58,70.71,82,14.528,0,0,1,10.278,1.35,1
"Saturday, June 19, 2021",0,56,71.33,83,13.931,0,0,1,13.102,1.78,1
"Friday, June 18, 2021",0,64,74.58,83,13.635,0,0,1,14.372,1.18,1
"Thursday, June 17, 2021",0,59,75.42,89,14.149,0,1,1,10.143,1.35,0
"Wednesday, June 16, 2021",0,64,76.67,85,13.709,0,0,1,20.143,0.84,0
"Tuesday, June 15, 2021",0,69,82.04,93,9.839,0,0,1,25.474,0.75,0
"Monday, June 14, 2021",0,70,80.71,92,12.916,0,0,1,24.75,1.09,0
"Sunday, June 13, 2021",0,68,79.63,89,10.104,0,0,1,17.917,0.48,0
"Saturday, June 12, 2021",0,67,76.92,87,11.822,0,16,1,12.983,0.49,0
"Friday, June 11, 2021",0,68,74.52,84,10.612,0,24,1,3.699,0.25,0
"Thursday, June 10, 2021",0,64,76.08,86,12.795,0,24,1,4.114,1.1,0
"Wednesday, June 9, 2021",0,63,76.42,89,14.013,0,14,1,5.154,0.31,0
"Tuesday, June 8, 2021",0,63,75.83,87,14.493,0,0,1,10.791,1.07,0
"Monday, June 7, 2021",0,56,71.33,86,14.416,0,0,1,7.696,0.66,0
"Sunday, June 6, 2021",0,53,67.08,79,13.907,0,0,1,6.199,1.22,0
"Saturday, June 5, 2021",0,51,59.51,75,14.942,0,0,1,6.609,1.07,0
"Friday, June 4, 2021",0,51,60.79,71,12.009,0,0,1,7.973,1.35,0
"Thursday, June 3, 2021",0.14,42,55.42,65,11.657,0,0,1,6.022,1.33,0
"Wednesday, June 2, 2021",0.44,35,50.29,63,16.235,0,0,1,6.67,1.47,0
"Tuesday, June 1, 2021",0.21,41,43.77,47,2.113,0,0,1,6.472,0.6,0
"Monday, May 31, 2021",0,41,48.39,59,2.482,0,0,1,8.248,1.1,0
"Sunday, May 30, 2021",0,58,67.46,76,14.798,0,0,1,6.224,0.95,0
"Saturday, May 29, 2021",0,67,72.69,77,7.316,0,0,1,9.794,1.65,0
"Friday, May 28, 2021",0,66,72.46,82,8.227,0,0,1,8.916,0.85,0
"Thursday, May 27, 2021",0,66,70.15,78,7.009,0,19,1,8.148,0.69,0
"Wednesday, May 26, 2021",0,63,70.18,79,11.452,0,24,1,9.372,0.26,0
"Tuesday, May 25, 2021",0,64,68.24,72,5.166,0,16,1,6.186,1.24,0
"Monday, May 24, 2021",0,66,70.08,77,5.605,0,0,1,11.45,1.33,0
"Sunday, May 23, 2021",0,63,65.79,76,5.584,0,5,1,10.112,1.22,0
"Saturday, May 22, 2021",0,59,61.52,63,2.05,0,5,1,7.86,1.2,0
"Friday, May 21, 2021",0,54,61.84,69,14.254,0,5,1,7.993,1.49,0
"Thursday, May 20, 2021",0,53,57.32,67,10.166,0,1,1,8.113,2.94,0
"Wednesday, May 19, 2021",0,50,53.38,57,2.862,0,0,1,8.286,0.55,0
"Tuesday, May 18, 2021",0.07,41,56.88,67,14.346,0,5,1,6.685,1.42,0
"Monday, May 17, 2021",0.19,42,54.08,66,12.098,0,5,1,6.419,1.51,0
"Sunday, May 16, 2021",0.2,35,50.63,63,14.104,0,5,1,7.403,1.37,0
"Saturday, May 15, 2021",0.18,36,47.54,58,15.827,0,5,1,6.688,1.18,0
"Friday, May 14, 2021",0.22,42,48.63,56,10.668,0,1,1,7.794,1.21,0
"Thursday, May 13, 2021",0.26,37,45.77,60,14.759,0,1.5,1,8.716,2.14,0
"Wednesday, May 12, 2021",0.2,34,43.56,53,8.124,0,0,1,7.621,0.71,0
"Tuesday, May 11, 2021",0,39,48.33,57,14.323,0,5,1,7.742,1.76,0
"Monday, May 10, 2021",0,41,49.21,58,11.806,0,5,1,7.133,1.18,0
"Sunday, May 9, 2021",0,41,52.71,62,14.058,0,5,1,7.688,1.21,0
"Saturday, May 8, 2021",0,45,52.77,60,11.729,0,5,1,8.623,1.06,0
"Friday, May 7, 2021",0,55,61.81,69,3.549,0,5,1,7.055,1.3,0
"Thursday, May 6, 2021",0,57,70.17,82,13.952,0,1.5,1,7.162,1.41,0
"Wednesday, May 5, 2021",0,48,67.71,86,13.978,0,0,1,6.703,1.13,0
"Tuesday, May 4, 2021",0,45,55,63,15.404,0,3,1,7.419,0.85,0
"Monday, May 3, 2021",0,51,59.68,71,11.689,0,3,1,6.779,1.3,0
"Sunday, May 2, 2021",0,48,57.71,68,11.355,0,3,1,6.613,0.81,0
"Saturday, May 1, 2021",0,58,69.38,80,10.779,0,3,1,6.017,0.29,0
"Friday, April 30, 2021",0.4,39,59.08,76,10.666,0,3,1,6.503,1.14,0
"Thursday, April 29, 2021",0.79,32,42.63,50,10.259,0,17,1,4.969,1.14,0
"Wednesday, April 28, 2021",0,37,49.08,61,11.339,0,24,1,3.125,0.54,0
"Tuesday, April 27, 2021",0.37,39,47.69,56,6.501,0,12,1,7.082,1.62,0
"Monday, April 26, 2021",0.78,27,44.08,60,15.121,0,3,1,10.674,1.85,0
"Sunday, April 25, 2021",1.42,27,36.21,43,10.079,0,3,1,10.13,1.48,0
"Saturday, April 24, 2021",1.35,30,35.79,42,5.949,0,3,1,12.392,1.88,0
"Friday, April 23, 2021",0.39,33,41.27,47,8.163,0,0,1,8.428,0.98,0
"Thursday, April 22, 2021",0.28,37,48.13,60,10.214,0,0,1,7.839,0.53,0
"Wednesday, April 21, 2021",0.17,37,48,59,14.195,0,0,1,11.557,2.23,0
"Tuesday, April 20, 2021",0.46,38,49.63,60,14.215,0,0,1,8.715,1.46,0
"Monday, April 19, 2021",1.25,36,44.05,48,7.641,0,0,1,12.183,1.17,0
"Sunday, April 18, 2021",1.22,28,35.65,43,8.729,0,0,1,9.387,1.24,0
"Saturday, April 17, 2021",0.69,29,40.37,50,7.497,0,0,1,17.571,2.67,0
"Friday, April 16, 2021",0.69,39,47.26,54,9.205,0,0,1,10.338,0.85,1
"Thursday, April 15, 2021",1.73,45,48.18,52,3.395,0,0,1,11.972,1.81,1
"Wednesday, April 14, 2021",0.77,45,46.74,48,1.78,0,12,1,7.041,1.95,1
"Tuesday, April 13, 2021",0,48,50.49,57,4.407,0,0,1,18.811,1,0
"Monday, April 12, 2021",0,47,52.76,57,5.785,0,0,1,14.579,1.66,0
"Sunday, April 11, 2021",0,57,62.39,70,7.666,0,0,1,8.168,1.37,0
"Saturday, April 10, 2021",0,56,66.04,77,11.876,0,0,1,8.266,1.27,0
"Friday, April 9, 2021",0,56,62.75,77,3.919,0,0,1,10.561,2.19,0
"Thursday, April 8, 2021",0.1,42,59.77,75,13.356,0,8,1,12.15,1.54,0
"Wednesday, April 7, 2021",0.5,38,54,71,14.262,0,0,1,15.597,2.02,0
"Tuesday, April 6, 2021",1.23,24,38.67,51,15.455,0,0,1,18.92,1.23,0
"Monday, April 5, 2021",1.24,19,30.75,41,15.668,0,0,1,18.917,1.21,0
"Sunday, April 4, 2021",0.87,26,31.08,35,10.686,0,0,1,18.328,2.14,0
"Saturday, April 3, 2021",0.23,35,46.88,53,12.73,0,0,1,8.75,0.7,0
"Friday, April 2, 2021",0.98,30,50.25,67,14.918,0,0,1,7.795,1.5,0
"Thursday, April 1, 2021",1.01,29,36.35,42,10.375,0,2,1,11.095,1.98,0
"Wednesday, March 31, 2021",1.26,42,46.11,53,1.972,0,0,1,11.854,1.83,0
"Tuesday, March 30, 2021",1.41,36,40.63,46,6.359,0,0,1,9.279,1.07,0
"Monday, March 29, 2021",1.44,39,41.13,45,2.606,0,0,1,9.949,1.33,0
"Sunday, March 28, 2021",0.98,40,46.53,50,2.204,0,0,1,7.846,1.45,0
"Saturday, March 27, 2021",0.98,47,50.5,54,1.238,0,0,1,8.303,0.67,0
"Friday, March 26, 2021",0.43,46,50.96,56,5.252,0,0,1,17.182,0.85,0
"Thursday, March 25, 2021",0.63,36,48.75,63,12.887,0,17,1,8.928,2.33,0
"Wednesday, March 24, 2021",0,29,40.96,55,14.961,0,24,1,3.157,0,0
"Tuesday, March 23, 2021",0.87,25,37.42,50,14.934,0,7,1,11.473,0.9,0
"Monday, March 22, 2021",1.6,34,38.85,47,13.119,0,3,1,11.801,0,0
"Sunday, March 21, 2021",2.48,32,32.86,34,1.794,0,3,1,13.198,0,0
"Saturday, March 20, 2021",2.55,30,31.28,34,2.563,0,6.5,0.9,10.895,0,0
"Friday, March 19, 2021",2.08,28,30.81,35,0.3,0,6.5,0.5,10.76,0,0
"Thursday, March 18, 2021",1.18,33,41.04,48,5.145,0,5,1,16.466,,0
"Wednesday, March 17, 2021",0.82,30,42.79,57,12.408,0,1,1,13.636,1.73,0
"Tuesday, March 16, 2021",0.76,33,40.83,50,11.527,0,0,1,17.603,1.52,0
"Monday, March 15, 2021",0.79,34,39.3,49,6.533,0,0,1,12.703,2.28,0
"Sunday, March 14, 2021",0.07,43,56.04,64,5.033,0,0,1,14.167,1.31,0
"Saturday, March 13, 2021",0.18,41,51.08,63,11.759,0,0,1,21.033,2.16,0
"Friday, March 12, 2021",0.33,37,46.25,57,12.815,0,0,1,13.063,1.3,0
"Thursday, March 11, 2021",1.36,29,38.63,47,11.228,0,0,1,22.062,2.59,0
"Wednesday, March 10, 2021",1.14,27,36.5,45,13.334,0,0,1,21.85,1.35,0
"Tuesday, March 9, 2021",1.76,20,30.96,39,9.775,0,0,1,22,1.51,0
"Monday, March 8, 2021",1.53,27,32.73,39,11.773,0,0,1,11.877,1.15,0
"Sunday, March 7, 2021",1.12,26,37.08,46,13.263,0,0,1,11.269,1.31,0
"Saturday, March 6, 2021",2.06,11,27.13,37,14.096,0,0,1,15.561,0.89,0
"Friday, March 5, 2021",1.01,13,22,30,12.695,18,0,1,18.397,2.6,0
"Thursday, March 4, 2021",1.71,22,35.19,38,3.431,6,4,1,12.924,1.93,0
"Wednesday, March 3, 2021",1.3,23,33.42,41,12.921,0,0,1,13.533,0.48,0
"Tuesday, March 2, 2021",1.61,17,25.8,35,11.506,0,7.5,1,11.816,1.07,0
"Monday, March 1, 2021",1.22,18,24.9,36,13.282,6,9,1,9.533,0.7,0
"Sunday, February 28, 2021",1.44,25,34.54,39,5.989,0,4,0.875,14.594,2.11,0
"Saturday, February 27, 2021",1.62,33,36.5,39,1.165,0,0,0.3125,14.861,0.98,0
"Friday, February 26, 2021",2.91,20,28.92,37,0.044,0,0,0.05,14.93,0.78,0
"Thursday, February 25, 2021",2.99,19,26.1,30,0,9.5,0,0,15.581,1.85,0
"Wednesday, February 24, 2021",4.01,19,22,25,0.046,0,0,0,17.916,0.74,0
"Tuesday, February 23, 2021",2.72,-3,6.41,17,0.047,17,0,0,16.439,1.2,0
"Monday, February 22, 2021",3.2,2,9.12,18,0.024,9,0,0,18.689,1.67,0
"Sunday, February 21, 2021",4.83,-13,2,12,0.01,6.5,0,0,15.454,0.55,0
"Saturday, February 20, 2021",5.21,-8,1.9,16,0.02,0,0,0,19.415,1.48,0
"Friday, February 19, 2021",6.01,-10,-3,2,0.001,10,0,0,22.984,1.08,0
"Thursday, February 18, 2021",5.81,-10,-6.83,-4,0,14.5,0,0,20.498,1.39,0
"Wednesday, February 17, 2021",6.79,-9,-4.45,0,0,0,0,0,19.673,0.96,0
"Tuesday, February 16, 2021",4.38,-7,-2.2,2,0.001,21,0,0,18.482,0.92,0
"Monday, February 15, 2021",5.39,-4,1.75,4,0.001,13,0,0,17.794,0.87,0
"Sunday, February 14, 2021",5.02,-3,3.08,10,0.013,10,0,0,19.419,0.91,0
"Saturday, February 13, 2021",4.4,-9,-2.33,5,0.072,13,0,0,17.665,1.33,0
"Friday, February 12, 2021",6.42,-7,-0.22,5,0.001,0,0,0,18.687,0.89,0
"Thursday, February 11, 2021",6.22,-17,-8.62,-3,0.028,0,0,0,22.315,1.28,0
"Wednesday, February 10, 2021",5.34,-11,-0.46,5,0,0,2,0,18.317,1.48,0
